{
    "REF": {
        "ERA5": {
            "Mundhenk": {
                "California": {
                    "NDJFM": {
                        "pr": {
                            "mean": 9.989902509134696
                        }
                    }
                }
            }
        }
    },
    "RESULTS": {
        "CanESM2": {
            "Mundhenk": {
                "California": {
                    "NDJFM": {
                        "pr": {
                            "mean": 10.027817912597278,
                            "mean_bias": 0.037915403462582375
                        }
                    }
                }
            }
        }
    }
}